"","Статья ДДС","ИТОГО, реализация за минуоом штрафа","Дата планового поступления ДС","месяц планвого поступления  ДС"
"","Поступление Клининг (ОД)","45 070,42","03.04.2026","4"
"","Поступление Клининг (ОД)","27 623,81","03.04.2026","4"
"","Поступление Клининг (ОД)","45 070,42","03.04.2026","4"
"","Поступление Клининг (ОД)","1 248 777,58","13.02.2026","2"
"","Поступление Клининг (ОД)","1 404 874,78","13.02.2026","2"
"","Поступление Клининг (ОД)","961 874,27","15.12.2025",""
"","Поступление Клининг (ОД)","1 404 874,78","13.02.2026","2"
"","Поступление Клининг (ОД)","1 176 625,45","03.02.2026","2"
"","Поступление Клининг (ОД)","260 891,84","09.12.2025",""
"","Поступление Клининг (ОД)","407 255,33","09.12.2025",""
"","Поступление Клининг (ОД)","548 524,36","19.12.2025",""
"","Поступление Клининг (ДУ)","233 873,05","09.12.2025",""
"","Поступление Клининг (ОД)","347 995,12","11.12.2025",""
"","Поступление Клининг (ОД)","425 589,99","11.12.2025",""
"","Поступление Клининг (ОД)","677 663,74","15.12.2025",""
"","Поступление Клининг (ОД)","636 310,74","15.12.2025",""
"","Поступление Клининг (ОД)","585 952,74","15.12.2025",""
"","Поступление Клининг (ОД)","349 959,32","27.01.2026","1"
"","Поступление Клининг (ОД)","346 086,21","20.10.2025",""
"","Поступление Клининг (ОД)","335 188,08","20.10.2025",""
"","Поступление Клининг (ОД)","1 469 645,84","29.01.2026","1"
"","Поступление Клининг (ОД)","903 397,19","29.01.2026","1"
"","Поступление Клининг (ОД)","262 988,48","29.01.2026","1"
"","Поступление Клининг (ОД)","322 211,41","05.02.2026","2"
"","Поступление Клининг (ОД)","1 248 777,58","05.02.2026","2"
"","Поступление Клининг (ОД)","1 412 096,11","05.02.2026","2"
"","Поступление Клининг (ОД)","1 176 625,45","03.02.2026","2"
"","Поступление Клининг (ОД)","822 304,85","22.01.2026","1"
"","Поступление Клининг (ОД)","407 255,33","22.01.2026","1"
"","Поступление Клининг (ОД)","472 881,57","03.02.2026","2"
"","Поступление Клининг (ДУ)","233 873,05","22.01.2026","1"
"","Поступление Клининг (ОД)","425 589,99","27.01.2026","1"
"","Поступление Клининг (ОД)","386 661,24","27.01.2026","1"
"","Поступление Клининг (ОД)","677 663,74","27.01.2026","1"
"","Поступление Клининг (ОД)","636 310,74","27.01.2026","1"
"","Поступление Клининг (ОД)","585 952,74","27.01.2026","1"
"","Поступление Клининг (ОД)","335 188,08","27.01.2026","1"
"","Поступление Клининг (ОД)","346 086,21","27.01.2026","1"
"","Поступление Клининг (ОД)","1 791 676,56","26.02.2026","2"
"","Поступление Клининг (снег)","113 400,00","19.02.2026","2"
"","Поступление Клининг (ОД)","903 397,19","26.02.2026","2"
"","Поступление Клининг (снег)","233 651,26","19.02.2026","2"
"","Поступление Клининг (снег)","21 380,63","19.02.2026","2"
"","Поступление Клининг (ОД)","262 988,48","26.02.2026","2"
"","Поступление Клининг (ОД)","1 326 826,18","12.03.2026","3"
"","Поступление Клининг (ОД)","1 129 676,89","12.03.2026","3"
"","Поступление Клининг (ОД)","1 176 625,45","12.03.2026","3"
"","Поступление Клининг (ОД)","677 663,74","26.02.2026","2"
"","Поступление Клининг (ОД)","636 310,74","26.02.2026","2"
"","Поступление Клининг (ОД)","585 952,74","26.02.2026","2"
"","Поступление Клининг (ОД)","335 188,08","17.02.2026","2"
"","Поступление Клининг (ОД)","346 086,21","19.02.2026","2"
"","Поступление Клининг (ОД)","395 589,99","26.02.2026","2"
"","Поступление Клининг (ОД)","386 661,24","26.02.2026","2"
"","Поступление Клининг (ДУ)","109 808,43","05.02.2026","2"
"","Поступление Клининг (ОД)","578 745,61","05.03.2026","3"
"","Поступление Клининг (ОД)","407 255,33","19.03.2026","3"
"","Поступление Клининг (ОД)","822 304,85","19.03.2026","3"
"","Поступление Клининг (ДУ)","404 260,09","19.03.2026","3"
"","Поступление Клининг (ДУ)","281 102,78","05.03.2026","3"
"","Поступление Клининг (ОД)","1 791 647,55","26.03.2026","3"
"","Поступление Клининг (ОД)","903 397,19","26.03.2026","3"
"","Поступление Клининг (ОД)","262 988,48","26.03.2026","3"
"","Поступление Клининг (ОД)","499 762,23","3.4.2026","4"
"","Поступление Клининг (снег)","254 157,76","28.05.2026","5"
"","Поступление Клининг (снег)","108 412,50","2.4.2026","4"
"","Поступление Клининг (ОД)","1 248 777,58","24.03.2026","3"
"","Поступление Клининг (ОД)","1 270 500,91","24.03.2026","3"
"","Поступление Клининг (ОД)","1 176 625,45","24.03.2026","3"
"","Поступление Клининг (ОД)","677 663,74","19.03.2026","3"
"","Поступление Клининг (ОД)","857 075,74","03.04.2026","4"
"","Поступление Клининг (ОД)","585 952,74","19.03.2026","3"
"","Поступление Клининг (ОД)","301 627,16","19.03.2026","3"
"","Поступление Клининг (ОД)","346 086,21","19.03.2026","3"
"","Поступление Клининг (ОД)","395 589,99","19.03.2026","3"
"","Поступление Клининг (ОД)","386 661,24","19.03.2026","3"
"","Поступление Клининг (ОД)","412 706,09","19.03.2026","3"
"","Поступление Клининг (ОД)","407 255,33","19.03.2026","3"
"","Поступление Клининг (ОД)","822 304,85","19.03.2026","3"
"","Поступление Клининг (ДУ)","578 745,61","19.03.2026","3"
"","Поступление Клининг (ДУ)","299 574,51","19.03.2026","3"
"","Поступление Клининг (снег)","181 768,13","23.04.2026","4"
"","Поступление Клининг (снег)","87 451,88","23.04.2026","4"
"","Поступление Клининг (снег)","48 825,00","23.04.2026","4"
"","Поступление Клининг (снег)","186 545,63","23.04.2026","4"
"","Поступление Клининг (снег)","60 375,00","23.04.2026","4"
"","Поступление Клининг (снег)","114 975,00","23.04.2026","4"
"","Поступление Клининг (снег)","107 861,25","28.05.2026","5"
"","Поступление Клининг (снег)","148 010,63","23.04.2026","4"
"","Поступление Клининг (снег)","101 495,63","23.04.2026","4"
"","Поступление Клининг (ОД)","1 791 676,56","23.04.2026","4"
"","Поступление Клининг (ОД)","213 198,31","23.04.2026","4"
"","Поступление Клининг (ОД)","903 397,19","30.04.2026","4"
"","Поступление Клининг (ОД)","262 959,47","06.05.2026","5"
"","Поступление Клининг (ОД)","595 870,35","23.04.2026","4"
"","Поступление Клининг (снег)","21 000,00","28.05.2026","5"
"","Поступление Клининг (ОД)","1 248 777,58","02.06.2026","6"
"","Поступление Клининг (ОД)","1 129 676,89","05.05.2026","5"
"","Поступление Клининг (ОД)","1 176 625,45","05.05.2026","5"
"","Поступление Клининг (ОД)","677 663,74","16.04.2026","4"
"","Поступление Клининг (ОД)","636 310,74","16.04.2026","4"
"","Поступление Клининг (ОД)","585 952,74","16.04.2026","4"
"","Поступление Клининг (ОД)","335 188,08","24.04.2026","4"
"","Поступление Клининг (ОД)","346 086,21","24.04.2026","4"
"","Поступление Клининг (ОД)","425 589,99","16.04.2026","4"
"","Поступление Клининг (ОД)","386 661,24","16.04.2026","4"
"","Поступление Клининг (ОД)","445 691,93","13.05.2026","5"
"","Поступление Клининг (ОД)","407 255,33","05.05.2026","5"
"","Поступление Клининг (ОД)","822 304,85","05.05.2026","5"
"","Поступление Клининг (ДУ)","578 745,61","13.05.2026","5"
"","Поступление Клининг (ОД)","2 090 893,11","21.05.2026","5"
"","Поступление Клининг (ОД)","903 397,19","21.05.2026","5"
"","Поступление Клининг (ОД)","262 988,48","21.05.2026","5"
"","Поступление Клининг (ОД)","595 870,35","28.05.2026","5"
"","Поступление Клининг (ОД)","1 248 777,58","",""
"","Поступление Клининг (ОД)","1 077 308,12","",""
"","Поступление Клининг (ОД)","946 478,81","16.06.2026","6"
"","Поступление Клининг (ОД)","677 663,74","03.06.2026","6"
"","Поступление Клининг (ОД)","713 043,88","03.06.2026","6"
"","Поступление Клининг (ОД)","459 100,14","03.06.2026","6"
"","Поступление Клининг (ОД)","335 188,08","03.06.2026","6"
"","Поступление Клининг (ОД)","287 048,06","03.06.2026","6"
"","Поступление Клининг (ОД)","425 589,99","14.05.2026","5"
"","Поступление Клининг (ОД)","228 370,58","14.05.2026","5"
"","Поступление Клининг (ДУ)","313 197,80","13.05.2026","5"
"","Поступление Клининг (ОД)","383 352,69","03.06.2026","6"
"","Поступление Клининг (ОД)","407 255,33","14.05.2026","5"
"","Поступление Клининг (ОД)","461 430,77","14.05.2026","5"
"","Поступление Клининг (ДУ)","578 745,61","14.05.2026","5"
"","Поступление Клининг (ОД)","317 241,26","03.06.2026","6"
"","Поступление Клининг (снег)","25 200,00","28.05.2026","5"
"","Поступление Клининг (ОД)","1 732 090,24","14.06.2026","6"
"","Поступление Клининг (ОД)","749 636,00","14.06.2026","6"
"","Поступление Клининг (ОД)","218 229,04","14.06.2026","6"
"","Поступление Клининг (ОД)","428 419,88","14.05.2026","5"
"","Поступление Клининг (ОД)","572 356,11","",""
"","Поступление Клининг (ОД)","395 012,88","",""
"","Поступление Клининг (ОД)","347 042,23","18.06.2026","6"
"","Поступление Клининг (ОД)","677 663,74","18.06.2026","6"
"","Поступление Клининг (ОД)","713 043,88","18.06.2026","6"
"","Поступление Клининг (ОД)","459 100,14","18.06.2026","6"
"","Поступление Клининг (ОД)","335 188,08","18.06.2026","6"
"","Поступление Клининг (ОД)","287 048,06","18.06.2026","6"
"","Поступление Клининг (ОД)","425 589,99","18.06.2026","6"
"","Поступление Клининг (ОД)","228 370,58","18.06.2026","6"
"","Поступление Клининг (ОД)","351 013,43","18.06.2026","6"
"","Поступление Клининг (ОД)","487 792,21","18.06.2026","6"
"","Поступление Клининг (ОД)","461 430,77","18.06.2026","6"
"","Поступление Клининг (ДУ)","594 044,50","18.06.2026","6"
"","Поступление Клининг (ДУ)","92 116,68","18.06.2026","6"
"","Поступление Клининг (ОД)","853 047,00","14.06.2026","6"
"","Поступление Клининг (ОД)","87 248,14","14.06.2026","6"
"","Поступление Клининг (ОД)","529 606,78","14.06.2026","6"
"","Поступление Клининг (ОД)","1 732 090,24","15.07.2026","7"
"","Поступление Клининг (ОД)","749 636,00","15.07.2026","7"
"","Поступление Клининг (ОД)","218 229,04","15.07.2026","7"
"","Поступление Клининг (ОД)","529 606,70","15.07.2026","7"
"","Поступление Клининг (ОД)","1 599 464,23","30.06.2026","6"
"","Поступление Клининг (ОД)","897 679,06","15.07.2026","7"
"","Поступление Клининг (ОД)","194 910,94","15.07.2026","7"
"","Поступление Клининг (ОД)","50 806,45","15.07.2026","7"
"","Поступление Клининг (ОД)","373 920,60","15.07.2026","7"
"","Поступление Клининг (ОД)","677 663,74","19.07.2026","7"
"","Поступление Клининг (ОД)","713 043,88","19.07.2026","7"
"","Поступление Клининг (ОД)","459 100,14","19.07.2026","7"
"","Поступление Клининг (ОД)","335 188,08","19.07.2026","7"
"","Поступление Клининг (ОД)","287 048,06","19.07.2026","7"
"","Поступление Клининг (ОД)","425 589,99","19.07.2026","7"
"","Поступление Клининг (ОД)","228 370,58","19.07.2026","7"
"","Поступление Клининг (ОД)","412 706,09","19.07.2026","7"
"","Поступление Клининг (ОД)","1 732 090,24","14.08.2026","8"
"","Поступление Клининг (ОД)","749 636,00","14.08.2026","8"
"","Поступление Клининг (ОД)","218 229,04","14.08.2026","8"
"","Поступление Клининг (ОД)","529 606,70","14.08.2026","8"
"","Поступление Клининг (ОД)","1 599 464,23","30.07.2026","7"
"","Поступление Клининг (ОД)","897 679,06","14.08.2026","8"
"","Поступление Клининг (ОД)","373 920,60","14.08.2026","8"
"","Поступление Клининг (ОД)","175 000,00","14.08.2026","8"
"","Поступление Клининг (ОД)","671 360,00","14.08.2026","8"
"","Поступление Клининг (ОД)","677 663,74","18.08.2026","8"
"","Поступление Клининг (ОД)","713 043,88","18.08.2026","8"
"","Поступление Клининг (ОД)","459 100,14","18.08.2026","8"
"","Поступление Клининг (ОД)","335 188,08","18.08.2026","8"
"","Поступление Клининг (ОД)","287 048,06","18.08.2026","8"
"","Поступление Клининг (ОД)","425 589,99","18.08.2026","8"
"","Поступление Клининг (ОД)","228 370,58","18.08.2026","8"
"","Поступление Клининг (ОД)","407 255,33","19.07.2026","7"
"","Поступление Клининг (ОД)","461 430,77","19.07.2026","7"
"","Поступление Клининг (ДУ)","578 745,61","19.07.2026","7"
"","Поступление Клининг (ДУ)","299 825,59","19.07.2026","7"
"","Поступление Клининг (ОД)","1 732 090,24","14.09.2026","9"
"","Поступление Клининг (ОД)","749 636,00","14.09.2026","9"
"","Поступление Клининг (ОД)","218 229,04","14.09.2026","9"
"","Поступление Клининг (ОД)","529 606,70","14.09.2026","9"
"","Поступление Клининг (ОД)","1 599 464,23","30.08.2026","8"
"","Поступление Клининг (ОД)","897 679,06","14.09.2026","9"
"","Поступление Клининг (ОД)","373 920,60","14.09.2026","9"
"","Поступление Клининг (ОД)","175 000,00","14.09.2026","9"
"","Поступление Клининг (ОД)","671 360,00","14.09.2026","9"
"","Поступление Клининг (ОД)","677 663,74","18.09.2026","9"
"","Поступление Клининг (ОД)","713 043,88","18.09.2026","9"
"","Поступление Клининг (ОД)","459 100,14","18.09.2026","9"
"","Поступление Клининг (ОД)","335 188,08","18.09.2026","9"
"","Поступление Клининг (ОД)","287 048,06","18.09.2026","9"
"","Поступление Клининг (ОД)","425 589,99","18.09.2026","9"
"","Поступление Клининг (ОД)","228 370,58","18.09.2026","9"
"","Поступление Клининг (ОД)","412 706,09","18.08.2026","8"
"","Поступление Клининг (ОД)","407 255,33","18.08.2026","8"
"","Поступление Клининг (ОД)","461 430,77","18.08.2026","8"
"","Поступление Клининг (ДУ)","578 745,61","18.08.2026","8"
"","Поступление Клининг (ОД)","1 732 090,24","15.10.2026","10"
"","Поступление Клининг (ОД)","749 636,00","15.10.2026","10"
"","Поступление Клининг (ОД)","218 229,04","15.10.2026","10"
"","Поступление Клининг (ОД)","529 606,70","15.10.2026","10"
"","Поступление Клининг (ОД)","1 599 464,23","30.09.2026","9"
"","Поступление Клининг (ОД)","897 679,06","15.10.2026","10"
"","Поступление Клининг (ОД)","373 920,60","15.10.2026","10"
"","Поступление Клининг (ОД)","175 000,00","15.10.2026","10"
"","Поступление Клининг (ОД)","671 360,00","15.10.2026","10"
"","Поступление Клининг (ОД)","677 663,74","19.10.2026","10"
"","Поступление Клининг (ОД)","713 043,88","19.10.2026","10"
"","Поступление Клининг (ОД)","459 100,14","19.10.2026","10"
"","Поступление Клининг (ОД)","335 188,08","19.10.2026","10"
"","Поступление Клининг (ОД)","287 048,06","19.10.2026","10"
"","Поступление Клининг (ОД)","425 589,99","19.10.2026","10"
"","Поступление Клининг (ОД)","228 370,58","19.10.2026","10"
"","Поступление Клининг (ДУ)","299 825,59","18.08.2026","8"
"","Поступление Клининг (ОД)","412 706,09","18.09.2026","9"
"","Поступление Клининг (ОД)","407 255,33","18.09.2026","9"
"","Поступление Клининг (ОД)","461 430,77","18.09.2026","9"
"","Поступление Клининг (ОД)","1 732 090,24","14.11.2026","11"
"","Поступление Клининг (ОД)","749 636,00","14.11.2026","11"
"","Поступление Клининг (ОД)","218 229,04","14.11.2026","11"
"","Поступление Клининг (ОД)","529 606,70","14.11.2026","11"
"","Поступление Клининг (ОД)","1 599 464,23","30.10.2026","10"
"","Поступление Клининг (ОД)","897 679,06","14.11.2026","11"
"","Поступление Клининг (ОД)","373 920,60","14.11.2026","11"
"","Поступление Клининг (ОД)","175 000,00","14.11.2026","11"
"","Поступление Клининг (ОД)","671 360,00","14.11.2026","11"
"","Поступление Клининг (ОД)","677 663,74","18.11.2026","11"
"","Поступление Клининг (ОД)","713 043,88","18.11.2026","11"
"","Поступление Клининг (ОД)","459 100,14","18.11.2026","11"
"","Поступление Клининг (ОД)","335 188,08","18.11.2026","11"
"","Поступление Клининг (ОД)","287 048,06","18.11.2026","11"
"","Поступление Клининг (ОД)","425 589,99","18.11.2026","11"
"","Поступление Клининг (ОД)","228 370,58","18.11.2026","11"
"","Поступление Клининг (ДУ)","578 745,61","18.09.2026","9"
"","Поступление Клининг (ДУ)","299 825,59","18.09.2026","9"
"","Поступление Клининг (ОД)","412 706,09","19.10.2026","10"
"","Поступление Клининг (ОД)","1 732 090,24","15.12.2026","12"
"","Поступление Клининг (ОД)","749 636,00","15.12.2026","12"
"","Поступление Клининг (ОД)","218 229,04","15.12.2026","12"
"","Поступление Клининг (ОД)","529 606,70","15.12.2026","12"
"","Поступление Клининг (ОД)","1 599 464,23","30.11.2026","11"
"","Поступление Клининг (ОД)","897 679,06","15.12.2026","12"
"","Поступление Клининг (ОД)","373 920,60","15.12.2026","12"
"","Поступление Клининг (ОД)","175 000,00","15.12.2026","12"
"","Поступление Клининг (ОД)","671 360,00","15.12.2026","12"
"","Поступление Клининг (ОД)","677 663,74","19.12.2026","12"
"","Поступление Клининг (ОД)","857 075,74","19.12.2026","12"
"","Поступление Клининг (ОД)","582 952,74","19.12.2026","12"
"","Поступление Клининг (ОД)","335 188,08","19.12.2026","12"
"","Поступление Клининг (ОД)","346 086,21","19.12.2026","12"
"","Поступление Клининг (ОД)","425 589,99","19.12.2026","12"
"","Поступление Клининг (ОД)","386 661,24","19.12.2026","12"
"","Поступление Клининг (ОД)","407 255,33","19.10.2026","10"
"","Поступление Клининг (ОД)","461 430,77","19.10.2026","10"
"","Поступление Клининг (ДУ)","578 745,61","19.10.2026","10"
"","Поступление Клининг (ДУ)","299 825,59","19.10.2026","10"
"","Поступление Клининг (ОД)","412 706,09","19.11.2026","11"
"","Поступление Клининг (ОД)","2 090 893,11","14.01.2027","1"
"","Поступление Клининг (ОД)","903 397,19","14.01.2027","1"
"","Поступление Клининг (ОД)","262 988,48","14.01.2027","1"
"","Поступление Клининг (ОД)","595 870,35","14.01.2027","1"
"","Поступление Клининг (ОД)","1 599 464,23","30.12.2026","12"
"","Поступление Клининг (ОД)","897 679,06","14.01.2027","1"
"","Поступление Клининг (ОД)","373 920,60","30.12.2026","12"
"","Поступление Клининг (ОД)","175 000,00","30.12.2026","12"
"","Поступление Клининг (ОД)","703 000,00","30.12.2026","12"
"","Поступление Клининг (ОД)","677 663,74","18.01.2027","1"
"","Поступление Клининг (ОД)","857 075,74","18.01.2027","1"
"","Поступление Клининг (ОД)","582 952,74","18.01.2027","1"
"","Поступление Клининг (ОД)","335 188,08","18.01.2027","1"
"","Поступление Клининг (ОД)","346 086,21","18.01.2027","1"
"","Поступление Клининг (ОД)","425 589,99","18.01.2027","1"
"","Поступление Клининг (ОД)","386 661,24","18.01.2027","1"
"","Поступление Клининг (ОД)","407 255,33","20.11.2026","11"
"","Поступление Клининг (ОД)","461 430,77","21.11.2026","11"
"","Поступление Клининг (ОД)","2 090 893,11","14.02.2027","2"
"","Поступление Клининг (ОД)","903 397,19","14.02.2027","2"
"","Поступление Клининг (ОД)","262 988,48","14.02.2027","2"
"","Поступление Клининг (ОД)","595 870,35","14.02.2027","2"
"","Поступление Клининг (ОД)","1 599 464,23","30.01.2027","1"
"","Поступление Клининг (ОД)","897 679,06","14.02.2027","2"
"","Поступление Клининг (ОД)","412 706,09","20.12.2026","12"
"","Поступление Клининг (ОД)","407 255,33","20.12.2026","12"
"","Поступление Клининг (ОД)","822 304,85","20.12.2026","12"
"","Поступление Клининг (ОД)","412 706,09","19.01.2027","1"
"","Поступление Клининг (ОД)","407 255,33","19.01.2027","1"
"","Поступление Клининг (ОД)","822 304,85","19.01.2027","1"
"","Поступление Клининг (ОД)","96 000,00","07.05.2026","5"
"","Поступление Клининг (ОД)","164 000,00","15.05.2026","5"
"","Поступление Клининг (ОД)","96 000,00","16.04.2026","4"
"","Поступление Клининг (ОД)","164 000,00","10.04.2026","4"
"","Поступление Клининг (ОД)","96 000,00","07.05.2026","5"
"","Поступление Клининг (ОД)","164 000,00","15.05.2026","5"
"","Поступление Клининг (ОД)","96 000,00","16.04.2026","4"
"","Поступление Клининг (ОД)","164 000,00","10.07.2026","7"
"","Поступление Клининг (ОД)","0,00","",""
"","","0,00","",""
"","","0,00","",""
"","","0,00","",""
"","","0,00","",""
"","","0,00","",""
"","","0,00","",""
"","","0,00","",""
"","","0,00","",""
"","","0,00","",""
"","","0,00","",""
"","","0,00","03.02.1900","2"